Workbook

Sheet Session
A1: Don't Steal Bro! playtest observation sheet
A2: Procedure: docs/playtest-protocol.md. Yellow cells are for you to fill in; everything else is a label or a formula.
A4: Date | C4: Build version: the Match place's version number after you publish
A5: Build version
A6: Hub place id | B6: 96878739507497 | C6: Pre-filled from docs/store-products.md
A7: Match place id | B7: 126392243548802
A8: Moderator
A10: Players
A11: Tab | B11: Nickname | C11: Device | D11: New or returning | E11: Screen-sharing?
A12: P1
A13: P2
A14: P3
A15: P4
A16: P5
A17: P6
A19: Session targets (protocol §1)
A20: Players on phones (want ≥ 2) | B20: =COUNTIF(C12:C17,"iPhone")+COUNTIF(C12:C17,"Android phone") | C20: =IF(B20>=2,"OK","Short")
A21: New players (want ≥ 3) | B21: =COUNTIF(D12:D17,"New") | C21: =IF(B21>=3,"OK","Short")
A22: Screen-sharing new players (want 2) | B22: =COUNTIFS(D12:D17,"New",E12:E17,"Yes") | C22: =IF(B22>=2,"OK","Short")
A25: Legend
A26: Yellow cell: fill in. Dropdowns appear on cells with a fixed set of answers.
A27: P1–P6 tabs: one row per round for that player. P1 row 3 is a worked example; overwrite or ignore it.
A28: Log tab: every question asked, bug seen and M1–M9 moment, with the round id from the F9 Server log.
A29: Survey tab: paste the post-session survey answers; the summary grades them against the protocol's reading rules.
A30: Launch gate (on the Log tab) counts open S0/S1/S2 issues against protocol §5.

Sheet P1
A1: =IF(Session!B12="","P1 (set the nickname on Session)",Session!B12&" · "&Session!C12&" · "&Session!D12)
A2: Round # | B2: Round id (F9 Server log) | C2: Map | D2: Time to first station (s) | E2: Tasks completed (e.g. 4/6) | F2: Placement (1–6) | G2: Power-ups picked up | H2: Power-ups used (Name → target, or 'held') | I2: Times hit | J2: Understood the finale before it started? | K2: Finale choice | L2: Their stated reason (own words) | M2: Result | N2: Questions asked (word for word, with time) | O2: Moments (M1–M9) | P2: Bugs seen (note + time)
A3: e.g. | B3: a1b2c3:1 | C3: School | D3: 34 | E3: 5/6 | F3: 2 | G3: 2 | H3: SlowField → Sam; Shove held | I3: 1 | J3: Partly | K3: Share | L3: "Sam said he'd share, and I believed him" | M3: LoneSharer | N3: 0:40 "where do I go?" | O3: M5: laughed, requeued | P3: 3:10 HUD timer overlapped thumb button
A4: 1
A5: 2
A6: 3
A7: 4
A8: 5
A9: 6

Sheet P2
A1: =IF(Session!B13="","P2 (set the nickname on Session)",Session!B13&" · "&Session!C13&" · "&Session!D13)
A2: Round # | B2: Round id (F9 Server log) | C2: Map | D2: Time to first station (s) | E2: Tasks completed (e.g. 4/6) | F2: Placement (1–6) | G2: Power-ups picked up | H2: Power-ups used (Name → target, or 'held') | I2: Times hit | J2: Understood the finale before it started? | K2: Finale choice | L2: Their stated reason (own words) | M2: Result | N2: Questions asked (word for word, with time) | O2: Moments (M1–M9) | P2: Bugs seen (note + time)
A3: 1
A4: 2
A5: 3
A6: 4
A7: 5
A8: 6

Sheet P3
A1: =IF(Session!B14="","P3 (set the nickname on Session)",Session!B14&" · "&Session!C14&" · "&Session!D14)
A2: Round # | B2: Round id (F9 Server log) | C2: Map | D2: Time to first station (s) | E2: Tasks completed (e.g. 4/6) | F2: Placement (1–6) | G2: Power-ups picked up | H2: Power-ups used (Name → target, or 'held') | I2: Times hit | J2: Understood the finale before it started? | K2: Finale choice | L2: Their stated reason (own words) | M2: Result | N2: Questions asked (word for word, with time) | O2: Moments (M1–M9) | P2: Bugs seen (note + time)
A3: 1
A4: 2
A5: 3
A6: 4
A7: 5
A8: 6

Sheet P4
A1: =IF(Session!B15="","P4 (set the nickname on Session)",Session!B15&" · "&Session!C15&" · "&Session!D15)
A2: Round # | B2: Round id (F9 Server log) | C2: Map | D2: Time to first station (s) | E2: Tasks completed (e.g. 4/6) | F2: Placement (1–6) | G2: Power-ups picked up | H2: Power-ups used (Name → target, or 'held') | I2: Times hit | J2: Understood the finale before it started? | K2: Finale choice | L2: Their stated reason (own words) | M2: Result | N2: Questions asked (word for word, with time) | O2: Moments (M1–M9) | P2: Bugs seen (note + time)
A3: 1
A4: 2
A5: 3
A6: 4
A7: 5
A8: 6

Sheet P5
A1: =IF(Session!B16="","P5 (set the nickname on Session)",Session!B16&" · "&Session!C16&" · "&Session!D16)
A2: Round # | B2: Round id (F9 Server log) | C2: Map | D2: Time to first station (s) | E2: Tasks completed (e.g. 4/6) | F2: Placement (1–6) | G2: Power-ups picked up | H2: Power-ups used (Name → target, or 'held') | I2: Times hit | J2: Understood the finale before it started? | K2: Finale choice | L2: Their stated reason (own words) | M2: Result | N2: Questions asked (word for word, with time) | O2: Moments (M1–M9) | P2: Bugs seen (note + time)
A3: 1
A4: 2
A5: 3
A6: 4
A7: 5
A8: 6

Sheet P6
A1: =IF(Session!B17="","P6 (set the nickname on Session)",Session!B17&" · "&Session!C17&" · "&Session!D17)
A2: Round # | B2: Round id (F9 Server log) | C2: Map | D2: Time to first station (s) | E2: Tasks completed (e.g. 4/6) | F2: Placement (1–6) | G2: Power-ups picked up | H2: Power-ups used (Name → target, or 'held') | I2: Times hit | J2: Understood the finale before it started? | K2: Finale choice | L2: Their stated reason (own words) | M2: Result | N2: Questions asked (word for word, with time) | O2: Moments (M1–M9) | P2: Bugs seen (note + time)
A3: 1
A4: 2
A5: 3
A6: 4
A7: 5
A8: 6

Sheet Log
A1: Questions, bugs and moments
A2: Time | B2: Round id | C2: Player | D2: Kind | E2: What happened (word for word) | F2: Issue template | G2: Severity | H2: Status | I2: Issue link | K2: Launch gate (protocol §5)
A3: 0:40 | B3: a1b2c3:1 | C3: P1 | D3: Question | E3: "where do I go?" (round 1, before any tip) | F3: usability | G3: S3 | H3: Filed | I3: github.com/penno195/dont-steal-bro/issues/… | K3: Open S0 | L3: =COUNTIFS(G4:G203,"S0",H4:H203,"<>Fixed",H4:H203,"<>Won't fix") | M3: =IF(L3>0,"BLOCKS LAUNCH","OK")
K4: Open S1 | L4: =COUNTIFS(G4:G203,"S1",H4:H203,"<>Fixed",H4:H203,"<>Won't fix") | M4: =IF(L4>0,"Blocks if on a phone or in > 1 in 20 rounds","OK")
K5: Open S2 | L5: =COUNTIFS(G4:G203,"S2",H4:H203,"<>Fixed",H4:H203,"<>Won't fix") | M5: =IF(L5>10,"> 10 open S2: owner decision","OK")
K6: Open S3 | L6: =COUNTIFS(G4:G203,"S3",H4:H203,"<>Fixed",H4:H203,"<>Won't fix") | M6: ="Never blocks alone"
K8: Excludes the example row; Fixed and Won't fix count as closed.

Sheet Survey
A1: Post-session survey answers (protocol §3), one row per response
A2: Response # | B2: First session? (add to the form) | C2: Q1 Time to know what to do | D2: Q2 Knew Steal could leave you with nothing | E2: Q3 2 Steal + 1 Share: what happens (their words) | F2: Q3 grade (you) | G2: Q4 Felt unfair | H2: Q5 Hit annoyance (1–5) | I2: Q6 Power-up unknown | J2: Q7 Requeue after streak reset (1–5 or N/A) | K2: Q8 Worst task station | L2: Q9 Device / hard to press or read | M2: Q10 Would play unasked | N2: Q10 score (1–5)
A3: 1 | N3: =IF(M3="","",MATCH(M3,{"Definitely not","Probably not","Maybe","Probably","Definitely"},0))
A4: 2 | N4: =IF(M4="","",MATCH(M4,{"Definitely not","Probably not","Maybe","Probably","Definitely"},0))
A5: 3 | N5: =IF(M5="","",MATCH(M5,{"Definitely not","Probably not","Maybe","Probably","Definitely"},0))
A6: 4 | N6: =IF(M6="","",MATCH(M6,{"Definitely not","Probably not","Maybe","Probably","Definitely"},0))
A7: 5 | N7: =IF(M7="","",MATCH(M7,{"Definitely not","Probably not","Maybe","Probably","Definitely"},0))
A8: 6 | N8: =IF(M8="","",MATCH(M8,{"Definitely not","Probably not","Maybe","Probably","Definitely"},0))
A9: 7 | N9: =IF(M9="","",MATCH(M9,{"Definitely not","Probably not","Maybe","Probably","Definitely"},0))
A10: 8 | N10: =IF(M10="","",MATCH(M10,{"Definitely not","Probably not","Maybe","Probably","Definitely"},0))
A11: 9 | N11: =IF(M11="","",MATCH(M11,{"Definitely not","Probably not","Maybe","Probably","Definitely"},0))
A12: 10 | N12: =IF(M12="","",MATCH(M12,{"Definitely not","Probably not","Maybe","Probably","Definitely"},0))
A13: 11 | N13: =IF(M13="","",MATCH(M13,{"Definitely not","Probably not","Maybe","Probably","Definitely"},0))
A14: 12 | N14: =IF(M14="","",MATCH(M14,{"Definitely not","Probably not","Maybe","Probably","Definitely"},0))
A16: Summary (protocol §3, 'How to read the results')
A17: Responses | B17: =COUNTA(C3:C14) | C17: =""
A18: First-session players who got Q3 wrong | B18: =COUNTIFS(B3:B14,"Yes",F3:F14,"Wrong") | C18: =IF(B18>1,"Usability finding against the finale explainer","OK")
A19: Q5 average (hit annoyance) | B19: =IFERROR(AVERAGE(H3:H14),"") | C19: =""
A20: Q7 average (requeue after reset) | B20: =IFERROR(AVERAGE(J3:J14),"") | C20: =""
A21: Streak loss feels bad, not tense? | B21: =IF(OR(B19="",B20=""),"",IF(AND(B19>3,B20<3),"YES","no")) | C21: =IF(B21="YES","Biggest design risk: Q5 > 3 and Q7 < 3","")
A22: Q10 average (3 = Maybe) | B22: =IFERROR(AVERAGE(N3:N14),"") | C22: =IF(B22="","",IF(B22<3,"Below Maybe: blocks launch if it repeats over 2+ sessions","OK"))
A24: Q3 answer key (docs/payoff-table.md): with 2 Steal + 1 Share, both stealers lose and the lone sharer gets the Medium (M) package. Grade 'Right' only if they say both.
A25: Q7 'N/A' is ignored by the average. Column B needs a 'Was this your first session?' question added to the form; the survey is anonymous otherwise.
